date,home,away
10/2/2019,Vancouver Canucks,Edmonton Oilers
10/2/2019,Washington Capitals,St. Louis Blues
10/2/2019,Ottawa Senators,Toronto Maple Leafs
10/2/2019,San Jose Sharks,Vegas Golden Knights
10/3/2019,Arizona Coyotes,Anaheim Ducks
10/3/2019,Montreal Canadiens,Carolina Hurricanes
10/3/2019,Calgary Flames,Colorado Avalanche
10/3/2019,Boston Bruins,Dallas Stars
10/3/2019,Minnesota Wild,Nashville Predators
10/3/2019,Winnipeg Jets,New York Rangers
10/3/2019,Buffalo Sabres,Pittsburgh Penguins
10/3/2019,Florida Panthers,Tampa Bay Lightning
10/4/2019,Toronto Maple Leafs,Columbus Blue Jackets
10/4/2019,Winnipeg Jets,New Jersey Devils
10/4/2019,Washington Capitals,New York Islanders
10/4/2019,Chicago Blackhawks,Philadelphia Flyers
10/4/2019,Vegas Golden Knights,San Jose Sharks
10/5/2019,San Jose Sharks,Anaheim Ducks
10/5/2019,Boston Bruins,Arizona Coyotes
10/5/2019,New Jersey Devils,Buffalo Sabres
10/5/2019,Vancouver Canucks,Calgary Flames
10/5/2019,Minnesota Wild,Colorado Avalanche
10/5/2019,Los Angeles Kings,Edmonton Oilers
10/5/2019,Tampa Bay Lightning,Florida Panthers
10/5/2019,Detroit Red Wings,Nashville Predators
10/5/2019,New York Rangers,Ottawa Senators
10/5/2019,Columbus Blue Jackets,Pittsburgh Penguins
10/5/2019,Dallas Stars,St. Louis Blues
10/5/2019,Montreal Canadiens,Toronto Maple Leafs
10/5/2019,Carolina Hurricanes,Washington Capitals
10/6/2019,Tampa Bay Lightning,Carolina Hurricanes
10/6/2019,Dallas Stars,Detroit Red Wings
10/6/2019,Winnipeg Jets,New York Islanders
10/7/2019,Buffalo Sabres,Columbus Blue Jackets
10/7/2019,St. Louis Blues,Toronto Maple Leafs
10/8/2019,Los Angeles Kings,Calgary Flames
10/8/2019,Anaheim Ducks,Detroit Red Wings
10/8/2019,Carolina Hurricanes,Florida Panthers
10/8/2019,San Jose Sharks,Nashville Predators
10/8/2019,Edmonton Oilers,New York Islanders
10/8/2019,Winnipeg Jets,Pittsburgh Penguins
10/8/2019,Boston Bruins,Vegas Golden Knights
10/8/2019,Dallas Stars,Washington Capitals
10/9/2019,Montreal Canadiens,Buffalo Sabres
10/9/2019,New Jersey Devils,Philadelphia Flyers
10/9/2019,Los Angeles Kings,Vancouver Canucks
10/10/2019,Vegas Golden Knights,Arizona Coyotes
10/10/2019,San Jose Sharks,Chicago Blackhawks
10/10/2019,Boston Bruins,Colorado Avalanche
10/10/2019,Calgary Flames,Dallas Stars
10/10/2019,Detroit Red Wings,Montreal Canadiens
10/10/2019,Edmonton Oilers,New Jersey Devils
10/10/2019,Washington Capitals,Nashville Predators
10/10/2019,St. Louis Blues,Ottawa Senators
10/10/2019,Anaheim Ducks,Pittsburgh Penguins
10/10/2019,Tampa Bay Lightning,Toronto Maple Leafs
10/10/2019,Minnesota Wild,Winnipeg Jets
10/11/2019,Florida Panthers,Buffalo Sabres
10/11/2019,New York Islanders,Carolina Hurricanes
10/11/2019,Anaheim Ducks,Columbus Blue Jackets
10/12/2019,New Jersey Devils,Boston Bruins
10/12/2019,Columbus Blue Jackets,Carolina Hurricanes
10/12/2019,Winnipeg Jets,Chicago Blackhawks
10/12/2019,Arizona Coyotes,Colorado Avalanche
10/12/2019,Washington Capitals,Dallas Stars
10/12/2019,Toronto Maple Leafs,Detroit Red Wings
10/12/2019,Nashville Predators,Los Angeles Kings
10/12/2019,Pittsburgh Penguins,Minnesota Wild
10/12/2019,St. Louis Blues,Montreal Canadiens
10/12/2019,Florida Panthers,New York Islanders
10/12/2019,Edmonton Oilers,New York Rangers
10/12/2019,Tampa Bay Lightning,Ottawa Senators
10/12/2019,Philadelphia Flyers,Vancouver Canucks
10/12/2019,Calgary Flames,Vegas Golden Knights
10/13/2019,Vegas Golden Knights,Los Angeles Kings
10/13/2019,Calgary Flames,San Jose Sharks
10/13/2019,Pittsburgh Penguins,Winnipeg Jets
10/14/2019,Anaheim Ducks,Boston Bruins
10/14/2019,Dallas Stars,Buffalo Sabres
10/14/2019,Edmonton Oilers,Chicago Blackhawks
10/14/2019,Florida Panthers,New Jersey Devils
10/14/2019,St. Louis Blues,New York Islanders
10/14/2019,Minnesota Wild,Ottawa Senators
10/14/2019,Colorado Avalanche,Washington Capitals
10/15/2019,Philadelphia Flyers,Calgary Flames
10/15/2019,Carolina Hurricanes,Los Angeles Kings
10/15/2019,Tampa Bay Lightning,Montreal Canadiens
10/15/2019,Minnesota Wild,Toronto Maple Leafs
10/15/2019,Detroit Red Wings,Vancouver Canucks
10/15/2019,Nashville Predators,Vegas Golden Knights
10/15/2019,Arizona Coyotes,Winnipeg Jets
10/16/2019,Buffalo Sabres,Anaheim Ducks
10/16/2019,Dallas Stars,Columbus Blue Jackets
10/16/2019,Philadelphia Flyers,Edmonton Oilers
10/16/2019,Colorado Avalanche,Pittsburgh Penguins
10/16/2019,Carolina Hurricanes,San Jose Sharks
10/16/2019,Toronto Maple Leafs,Washington Capitals
10/17/2019,Nashville Predators,Arizona Coyotes
10/17/2019,Tampa Bay Lightning,Boston Bruins
10/17/2019,Detroit Red Wings,Calgary Flames
10/17/2019,Buffalo Sabres,Los Angeles Kings
10/17/2019,Minnesota Wild,Montreal Canadiens
10/17/2019,New York Rangers,New Jersey Devils
10/17/2019,Vancouver Canucks,St. Louis Blues
10/17/2019,Ottawa Senators,Vegas Golden Knights
10/17/2019,New York Islanders,Winnipeg Jets
10/18/2019,Carolina Hurricanes,Anaheim Ducks
10/18/2019,Columbus Blue Jackets,Chicago Blackhawks
10/18/2019,Detroit Red Wings,Edmonton Oilers
10/18/2019,Colorado Avalanche,Florida Panthers
10/18/2019,Dallas Stars,Pittsburgh Penguins
10/18/2019,New York Rangers,Washington Capitals
10/19/2019,Ottawa Senators,Arizona Coyotes
10/19/2019,New York Islanders,Columbus Blue Jackets
10/19/2019,Calgary Flames,Los Angeles Kings
10/19/2019,Vancouver Canucks,New Jersey Devils
10/19/2019,Florida Panthers,Nashville Predators
10/19/2019,Dallas Stars,Philadelphia Flyers
10/19/2019,Vegas Golden Knights,Pittsburgh Penguins
10/19/2019,Buffalo Sabres,San Jose Sharks
10/19/2019,Montreal Canadiens,St. Louis Blues
10/19/2019,Colorado Avalanche,Tampa Bay Lightning
10/19/2019,Boston Bruins,Toronto Maple Leafs
10/20/2019,Calgary Flames,Anaheim Ducks
10/20/2019,Washington Capitals,Chicago Blackhawks
10/20/2019,Montreal Canadiens,Minnesota Wild
10/20/2019,Vancouver Canucks,New York Rangers
10/20/2019,Edmonton Oilers,Winnipeg Jets
10/21/2019,Ottawa Senators,Dallas Stars
10/21/2019,Vegas Golden Knights,Philadelphia Flyers
10/21/2019,Colorado Avalanche,St. Louis Blues
10/21/2019,Columbus Blue Jackets,Toronto Maple Leafs
10/22/2019,Toronto Maple Leafs,Boston Bruins
10/22/2019,San Jose Sharks,Buffalo Sabres
10/22/2019,Washington Capitals,Calgary Flames
10/22/2019,Vegas Golden Knights,Chicago Blackhawks
10/22/2019,Vancouver Canucks,Detroit Red Wings
10/22/2019,Pittsburgh Penguins,Florida Panthers
10/22/2019,Edmonton Oilers,Minnesota Wild
10/22/2019,Anaheim Ducks,Nashville Predators
10/22/2019,Arizona Coyotes,New York Rangers
10/22/2019,Los Angeles Kings,Winnipeg Jets
10/23/2019,Detroit Red Wings,Ottawa Senators
10/23/2019,Pittsburgh Penguins,Tampa Bay Lightning
10/24/2019,Carolina Hurricanes,Columbus Blue Jackets
10/24/2019,Florida Panthers,Calgary Flames
10/24/2019,Philadelphia Flyers,Chicago Blackhawks
10/24/2019,Anaheim Ducks,Dallas Stars
10/24/2019,Washington Capitals,Edmonton Oilers
10/24/2019,San Jose Sharks,Montreal Canadiens
10/24/2019,Minnesota Wild,Nashville Predators
10/24/2019,Arizona Coyotes,New York Islanders
10/24/2019,Buffalo Sabres,New York Rangers
10/24/2019,Los Angeles Kings,St. Louis Blues
10/25/2019,Buffalo Sabres,Detroit Red Wings
10/25/2019,Arizona Coyotes,New Jersey Devils
10/25/2019,New York Islanders,Ottawa Senators
10/25/2019,San Jose Sharks,Toronto Maple Leafs
10/25/2019,Washington Capitals,Vancouver Canucks
10/25/2019,Colorado Avalanche,Vegas Golden Knights
10/26/2019,St. Louis Blues,Boston Bruins
10/26/2019,Chicago Blackhawks,Carolina Hurricanes
10/26/2019,Anaheim Ducks,Colorado Avalanche
10/26/2019,Pittsburgh Penguins,Dallas Stars
10/26/2019,Los Angeles Kings,Minnesota Wild
10/26/2019,Toronto Maple Leafs,Montreal Canadiens
10/26/2019,Columbus Blue Jackets,Philadelphia Flyers
10/26/2019,Nashville Predators,Tampa Bay Lightning
10/26/2019,Calgary Flames,Winnipeg Jets
10/27/2019,Los Angeles Kings,Chicago Blackhawks
10/27/2019,St. Louis Blues,Detroit Red Wings
10/27/2019,Florida Panthers,Edmonton Oilers
10/27/2019,Philadelphia Flyers,New York Islanders
10/27/2019,Boston Bruins,New York Rangers
10/27/2019,San Jose Sharks,Ottawa Senators
10/27/2019,Anaheim Ducks,Vegas Golden Knights
10/28/2019,Arizona Coyotes,Buffalo Sabres
10/28/2019,Florida Panthers,Vancouver Canucks
10/29/2019,Winnipeg Jets,Anaheim Ducks
10/29/2019,San Jose Sharks,Boston Bruins
10/29/2019,Calgary Flames,Carolina Hurricanes
10/29/2019,Minnesota Wild,Dallas Stars
10/29/2019,Edmonton Oilers,Detroit Red Wings
10/29/2019,Chicago Blackhawks,Nashville Predators
10/29/2019,Tampa Bay Lightning,New York Rangers
10/29/2019,Philadelphia Flyers,Pittsburgh Penguins
10/29/2019,Washington Capitals,Toronto Maple Leafs
10/30/2019,Montreal Canadiens,Arizona Coyotes
10/30/2019,Edmonton Oilers,Columbus Blue Jackets
10/30/2019,Florida Panthers,Colorado Avalanche
10/30/2019,Vancouver Canucks,Los Angeles Kings
10/30/2019,Tampa Bay Lightning,New Jersey Devils
10/30/2019,Minnesota Wild,St. Louis Blues
10/31/2019,Calgary Flames,Nashville Predators
10/31/2019,Montreal Canadiens,Vegas Golden Knights
11/1/2019,Vancouver Canucks,Anaheim Ducks
11/1/2019,Detroit Red Wings,Carolina Hurricanes
11/1/2019,Dallas Stars,Colorado Avalanche
11/1/2019,Philadelphia Flyers,New Jersey Devils
11/1/2019,Tampa Bay Lightning,New York Islanders
11/1/2019,Winnipeg Jets,San Jose Sharks
11/1/2019,Columbus Blue Jackets,St. Louis Blues
11/1/2019,Buffalo Sabres,Washington Capitals
11/2/2019,Colorado Avalanche,Arizona Coyotes
11/2/2019,Ottawa Senators,Boston Bruins
11/2/2019,New York Islanders,Buffalo Sabres
11/2/2019,New Jersey Devils,Carolina Hurricanes
11/2/2019,Calgary Flames,Columbus Blue Jackets
11/2/2019,Montreal Canadiens,Dallas Stars
11/2/2019,Detroit Red Wings,Florida Panthers
11/2/2019,Chicago Blackhawks,Los Angeles Kings
11/2/2019,St. Louis Blues,Minnesota Wild
11/2/2019,New York Rangers,Nashville Predators
11/2/2019,Toronto Maple Leafs,Philadelphia Flyers
11/2/2019,Edmonton Oilers,Pittsburgh Penguins
11/2/2019,Vancouver Canucks,San Jose Sharks
11/2/2019,Winnipeg Jets,Vegas Golden Knights
11/3/2019,Chicago Blackhawks,Anaheim Ducks
11/3/2019,Calgary Flames,Washington Capitals
11/4/2019,Pittsburgh Penguins,Boston Bruins
11/4/2019,Nashville Predators,Detroit Red Wings
11/4/2019,Arizona Coyotes,Edmonton Oilers
11/4/2019,Ottawa Senators,New York Rangers
11/5/2019,Minnesota Wild,Anaheim Ducks
11/5/2019,Vegas Golden Knights,Columbus Blue Jackets
11/5/2019,Arizona Coyotes,Calgary Flames
11/5/2019,Colorado Avalanche,Dallas Stars
11/5/2019,Boston Bruins,Montreal Canadiens
11/5/2019,Ottawa Senators,New York Islanders
11/5/2019,Carolina Hurricanes,Philadelphia Flyers
11/5/2019,Chicago Blackhawks,San Jose Sharks
11/5/2019,Los Angeles Kings,Toronto Maple Leafs
11/5/2019,St. Louis Blues,Vancouver Canucks
11/5/2019,New Jersey Devils,Winnipeg Jets
11/6/2019,St. Louis Blues,Edmonton Oilers
11/6/2019,Detroit Red Wings,New York Rangers
11/7/2019,Columbus Blue Jackets,Arizona Coyotes
11/7/2019,New York Rangers,Carolina Hurricanes
11/7/2019,New Jersey Devils,Calgary Flames
11/7/2019,Vancouver Canucks,Chicago Blackhawks
11/7/2019,Nashville Predators,Colorado Avalanche
11/7/2019,Washington Capitals,Florida Panthers
11/7/2019,Pittsburgh Penguins,New York Islanders
11/7/2019,Los Angeles Kings,Ottawa Senators
11/7/2019,Montreal Canadiens,Philadelphia Flyers
11/7/2019,Minnesota Wild,San Jose Sharks
11/7/2019,Vegas Golden Knights,Toronto Maple Leafs
11/8/2019,Tampa Bay Lightning,Buffalo Sabres
11/8/2019,Boston Bruins,Detroit Red Wings
11/8/2019,New Jersey Devils,Edmonton Oilers
11/8/2019,Vancouver Canucks,Winnipeg Jets
11/9/2019,Minnesota Wild,Arizona Coyotes
11/9/2019,St. Louis Blues,Calgary Flames
11/9/2019,Columbus Blue Jackets,Colorado Avalanche
11/9/2019,Los Angeles Kings,Montreal Canadiens
11/9/2019,Florida Panthers,New York Islanders
11/9/2019,Carolina Hurricanes,Ottawa Senators
11/9/2019,Chicago Blackhawks,Pittsburgh Penguins
11/9/2019,Nashville Predators,San Jose Sharks
11/9/2019,Buffalo Sabres,Tampa Bay Lightning
11/9/2019,Philadelphia Flyers,Toronto Maple Leafs
11/9/2019,Vegas Golden Knights,Washington Capitals
11/10/2019,Edmonton Oilers,Anaheim Ducks
11/10/2019,Philadelphia Flyers,Boston Bruins
11/10/2019,Toronto Maple Leafs,Chicago Blackhawks
11/10/2019,Vegas Golden Knights,Detroit Red Wings
11/10/2019,Florida Panthers,New York Rangers
11/10/2019,New Jersey Devils,Vancouver Canucks
11/10/2019,Dallas Stars,Winnipeg Jets
11/11/2019,Ottawa Senators,Carolina Hurricanes
11/11/2019,Arizona Coyotes,Washington Capitals
11/12/2019,Detroit Red Wings,Anaheim Ducks
11/12/2019,Florida Panthers,Boston Bruins
11/12/2019,Minnesota Wild,Los Angeles Kings
11/12/2019,Columbus Blue Jackets,Montreal Canadiens
11/12/2019,Pittsburgh Penguins,New York Rangers
11/12/2019,Edmonton Oilers,San Jose Sharks
11/12/2019,Arizona Coyotes,St. Louis Blues
11/12/2019,Nashville Predators,Vancouver Canucks
11/12/2019,Colorado Avalanche,Winnipeg Jets
11/13/2019,Dallas Stars,Calgary Flames
11/13/2019,Ottawa Senators,New Jersey Devils
11/13/2019,Toronto Maple Leafs,New York Islanders
11/13/2019,Washington Capitals,Philadelphia Flyers
11/13/2019,Chicago Blackhawks,Vegas Golden Knights
11/14/2019,San Jose Sharks,Anaheim Ducks
11/14/2019,Carolina Hurricanes,Buffalo Sabres
11/14/2019,Colorado Avalanche,Edmonton Oilers
11/14/2019,Winnipeg Jets,Florida Panthers
11/14/2019,Detroit Red Wings,Los Angeles Kings
11/14/2019,Arizona Coyotes,Minnesota Wild
11/14/2019,New York Rangers,Tampa Bay Lightning
11/14/2019,Dallas Stars,Vancouver Canucks
11/15/2019,St. Louis Blues,Columbus Blue Jackets
11/15/2019,Pittsburgh Penguins,New Jersey Devils
11/15/2019,Philadelphia Flyers,Ottawa Senators
11/15/2019,Boston Bruins,Toronto Maple Leafs
11/15/2019,Montreal Canadiens,Washington Capitals
11/16/2019,Calgary Flames,Arizona Coyotes
11/16/2019,Washington Capitals,Boston Bruins
11/16/2019,Ottawa Senators,Buffalo Sabres
11/16/2019,Dallas Stars,Edmonton Oilers
11/16/2019,New York Rangers,Florida Panthers
11/16/2019,Vegas Golden Knights,Los Angeles Kings
11/16/2019,Carolina Hurricanes,Minnesota Wild
11/16/2019,New Jersey Devils,Montreal Canadiens
11/16/2019,Chicago Blackhawks,Nashville Predators
11/16/2019,New York Islanders,Philadelphia Flyers
11/16/2019,Toronto Maple Leafs,Pittsburgh Penguins
11/16/2019,Detroit Red Wings,San Jose Sharks
11/16/2019,Anaheim Ducks,St. Louis Blues
11/16/2019,Winnipeg Jets,Tampa Bay Lightning
11/16/2019,Colorado Avalanche,Vancouver Canucks
11/17/2019,Buffalo Sabres,Chicago Blackhawks
11/17/2019,Calgary Flames,Vegas Golden Knights
11/18/2019,Los Angeles Kings,Arizona Coyotes
11/18/2019,Anaheim Ducks,Washington Capitals
11/19/2019,Minnesota Wild,Buffalo Sabres
11/19/2019,Montreal Canadiens,Columbus Blue Jackets
11/19/2019,Colorado Avalanche,Calgary Flames
11/19/2019,Carolina Hurricanes,Chicago Blackhawks
11/19/2019,Vancouver Canucks,Dallas Stars
11/19/2019,Ottawa Senators,Detroit Red Wings
11/19/2019,Philadelphia Flyers,Florida Panthers
11/19/2019,Boston Bruins,New Jersey Devils
11/19/2019,Winnipeg Jets,Nashville Predators
11/19/2019,New York Islanders,Pittsburgh Penguins
11/19/2019,Edmonton Oilers,San Jose Sharks
11/19/2019,Tampa Bay Lightning,St. Louis Blues
11/19/2019,Toronto Maple Leafs,Vegas Golden Knights
11/20/2019,Ottawa Senators,Montreal Canadiens
11/20/2019,Washington Capitals,New York Rangers
11/21/2019,Toronto Maple Leafs,Arizona Coyotes
11/21/2019,Buffalo Sabres,Boston Bruins
11/21/2019,Philadelphia Flyers,Carolina Hurricanes
11/21/2019,Detroit Red Wings,Columbus Blue Jackets
11/21/2019,Tampa Bay Lightning,Chicago Blackhawks
11/21/2019,Winnipeg Jets,Dallas Stars
11/21/2019,Anaheim Ducks,Florida Panthers
11/21/2019,Edmonton Oilers,Los Angeles Kings
11/21/2019,Colorado Avalanche,Minnesota Wild
11/21/2019,Vancouver Canucks,Nashville Predators
11/21/2019,Pittsburgh Penguins,New York Islanders
11/21/2019,Calgary Flames,St. Louis Blues
11/21/2019,San Jose Sharks,Vegas Golden Knights
11/22/2019,New York Rangers,Ottawa Senators
11/22/2019,New Jersey Devils,Pittsburgh Penguins
11/23/2019,Minnesota Wild,Boston Bruins
11/23/2019,Florida Panthers,Carolina Hurricanes
11/23/2019,Toronto Maple Leafs,Colorado Avalanche
11/23/2019,Chicago Blackhawks,Dallas Stars
11/23/2019,Arizona Coyotes,Los Angeles Kings
11/23/2019,New York Rangers,Montreal Canadiens
11/23/2019,Detroit Red Wings,New Jersey Devils
11/23/2019,Calgary Flames,Philadelphia Flyers
11/23/2019,New York Islanders,San Jose Sharks
11/23/2019,Nashville Predators,St. Louis Blues
11/23/2019,Anaheim Ducks,Tampa Bay Lightning
11/23/2019,Edmonton Oilers,Vegas Golden Knights
11/23/2019,Columbus Blue Jackets,Winnipeg Jets
11/23/2019,Vancouver Canucks,Washington Capitals
11/24/2019,Edmonton Oilers,Arizona Coyotes
11/24/2019,Carolina Hurricanes,Detroit Red Wings
11/24/2019,Buffalo Sabres,Florida Panthers
11/25/2019,New York Islanders,Anaheim Ducks
11/25/2019,Ottawa Senators,Columbus Blue Jackets
11/25/2019,Vegas Golden Knights,Dallas Stars
11/25/2019,San Jose Sharks,Los Angeles Kings
11/25/2019,St. Louis Blues,Nashville Predators
11/25/2019,Minnesota Wild,New York Rangers
11/25/2019,Vancouver Canucks,Philadelphia Flyers
11/25/2019,Calgary Flames,Pittsburgh Penguins
11/25/2019,Buffalo Sabres,Tampa Bay Lightning
11/26/2019,Dallas Stars,Chicago Blackhawks
11/26/2019,Boston Bruins,Montreal Canadiens
11/26/2019,Minnesota Wild,New Jersey Devils
11/27/2019,Anaheim Ducks,Arizona Coyotes
11/27/2019,Calgary Flames,Buffalo Sabres
11/27/2019,Philadelphia Flyers,Columbus Blue Jackets
11/27/2019,Edmonton Oilers,Colorado Avalanche
11/27/2019,Toronto Maple Leafs,Detroit Red Wings
11/27/2019,New York Islanders,Los Angeles Kings
11/27/2019,Vegas Golden Knights,Nashville Predators
11/27/2019,Carolina Hurricanes,New York Rangers
11/27/2019,Boston Bruins,Ottawa Senators
11/27/2019,Vancouver Canucks,Pittsburgh Penguins
11/27/2019,Winnipeg Jets,San Jose Sharks
11/27/2019,St. Louis Blues,Tampa Bay Lightning
11/27/2019,Florida Panthers,Washington Capitals
11/28/2019,New Jersey Devils,Montreal Canadiens
11/29/2019,Winnipeg Jets,Anaheim Ducks
11/29/2019,New York Rangers,Boston Bruins
11/29/2019,Toronto Maple Leafs,Buffalo Sabres
11/29/2019,Nashville Predators,Carolina Hurricanes
11/29/2019,Pittsburgh Penguins,Columbus Blue Jackets
11/29/2019,Colorado Avalanche,Chicago Blackhawks
11/29/2019,St. Louis Blues,Dallas Stars
11/29/2019,Ottawa Senators,Minnesota Wild
11/29/2019,Detroit Red Wings,Philadelphia Flyers
11/29/2019,Los Angeles Kings,San Jose Sharks
11/29/2019,Arizona Coyotes,Vegas Golden Knights
11/29/2019,Tampa Bay Lightning,Washington Capitals
11/30/2019,San Jose Sharks,Arizona Coyotes
11/30/2019,Ottawa Senators,Calgary Flames
11/30/2019,Chicago Blackhawks,Colorado Avalanche
11/30/2019,Washington Capitals,Detroit Red Wings
11/30/2019,Vancouver Canucks,Edmonton Oilers
11/30/2019,Nashville Predators,Florida Panthers
11/30/2019,Winnipeg Jets,Los Angeles Kings
11/30/2019,Philadelphia Flyers,Montreal Canadiens
11/30/2019,New York Rangers,New Jersey Devils
11/30/2019,Columbus Blue Jackets,New York Islanders
11/30/2019,Pittsburgh Penguins,St. Louis Blues
11/30/2019,Carolina Hurricanes,Tampa Bay Lightning
11/30/2019,Buffalo Sabres,Toronto Maple Leafs
12/1/2019,Montreal Canadiens,Boston Bruins
12/1/2019,Dallas Stars,Minnesota Wild
12/1/2019,Edmonton Oilers,Vancouver Canucks
12/2/2019,Los Angeles Kings,Anaheim Ducks
12/2/2019,New Jersey Devils,Buffalo Sabres
12/2/2019,St. Louis Blues,Chicago Blackhawks
12/2/2019,New York Islanders,Detroit Red Wings
12/2/2019,Vegas Golden Knights,New York Rangers
12/3/2019,Carolina Hurricanes,Boston Bruins
12/3/2019,Arizona Coyotes,Columbus Blue Jackets
12/3/2019,Minnesota Wild,Florida Panthers
12/3/2019,New York Islanders,Montreal Canadiens
12/3/2019,Vegas Golden Knights,New Jersey Devils
12/3/2019,Tampa Bay Lightning,Nashville Predators
12/3/2019,Toronto Maple Leafs,Philadelphia Flyers
12/3/2019,Washington Capitals,San Jose Sharks
12/3/2019,Ottawa Senators,Vancouver Canucks
12/3/2019,Dallas Stars,Winnipeg Jets
12/4/2019,Ottawa Senators,Edmonton Oilers
12/4/2019,Washington Capitals,Los Angeles Kings
12/4/2019,St. Louis Blues,Pittsburgh Penguins
12/4/2019,Colorado Avalanche,Toronto Maple Leafs
12/5/2019,Chicago Blackhawks,Boston Bruins
12/5/2019,San Jose Sharks,Carolina Hurricanes
12/5/2019,New York Rangers,Columbus Blue Jackets
12/5/2019,Buffalo Sabres,Calgary Flames
12/5/2019,Winnipeg Jets,Dallas Stars
12/5/2019,Colorado Avalanche,Montreal Canadiens
12/5/2019,Vegas Golden Knights,New York Islanders
12/5/2019,Arizona Coyotes,Philadelphia Flyers
12/5/2019,Minnesota Wild,Tampa Bay Lightning
12/6/2019,Washington Capitals,Anaheim Ducks
12/6/2019,Los Angeles Kings,Edmonton Oilers
12/6/2019,Chicago Blackhawks,New Jersey Devils
12/6/2019,Montreal Canadiens,New York Rangers
12/6/2019,Arizona Coyotes,Pittsburgh Penguins
12/7/2019,Colorado Avalanche,Boston Bruins
12/7/2019,Minnesota Wild,Carolina Hurricanes
12/7/2019,Los Angeles Kings,Calgary Flames
12/7/2019,New York Islanders,Dallas Stars
12/7/2019,Pittsburgh Penguins,Detroit Red Wings
12/7/2019,Columbus Blue Jackets,Florida Panthers
12/7/2019,New Jersey Devils,Nashville Predators
12/7/2019,Ottawa Senators,Philadelphia Flyers
12/7/2019,Toronto Maple Leafs,St. Louis Blues
12/7/2019,San Jose Sharks,Tampa Bay Lightning
12/7/2019,Buffalo Sabres,Vancouver Canucks
12/8/2019,Arizona Coyotes,Chicago Blackhawks
12/8/2019,Buffalo Sabres,Edmonton Oilers
12/8/2019,San Jose Sharks,Florida Panthers
12/8/2019,New York Rangers,Vegas Golden Knights
12/8/2019,Anaheim Ducks,Winnipeg Jets
12/9/2019,Calgary Flames,Colorado Avalanche
12/9/2019,Boston Bruins,Ottawa Senators
12/9/2019,New York Islanders,Tampa Bay Lightning
12/9/2019,Columbus Blue Jackets,Washington Capitals
12/10/2019,Calgary Flames,Arizona Coyotes
12/10/2019,St. Louis Blues,Buffalo Sabres
12/10/2019,New Jersey Devils,Dallas Stars
12/10/2019,Carolina Hurricanes,Edmonton Oilers
12/10/2019,Tampa Bay Lightning,Florida Panthers
12/10/2019,New York Rangers,Los Angeles Kings
12/10/2019,Anaheim Ducks,Minnesota Wild
12/10/2019,San Jose Sharks,Nashville Predators
12/10/2019,Montreal Canadiens,Pittsburgh Penguins
12/10/2019,Toronto Maple Leafs,Vancouver Canucks
12/10/2019,Chicago Blackhawks,Vegas Golden Knights
12/10/2019,Detroit Red Wings,Winnipeg Jets
12/11/2019,Philadelphia Flyers,Colorado Avalanche
12/11/2019,Ottawa Senators,Montreal Canadiens
12/11/2019,Boston Bruins,Washington Capitals
12/12/2019,Los Angeles Kings,Anaheim Ducks
12/12/2019,Chicago Blackhawks,Arizona Coyotes
12/12/2019,Nashville Predators,Buffalo Sabres
12/12/2019,Toronto Maple Leafs,Calgary Flames
12/12/2019,Winnipeg Jets,Detroit Red Wings
12/12/2019,New York Islanders,Florida Panthers
12/12/2019,Edmonton Oilers,Minnesota Wild
12/12/2019,Columbus Blue Jackets,Pittsburgh Penguins
12/12/2019,New York Rangers,San Jose Sharks
12/12/2019,Vegas Golden Knights,St. Louis Blues
12/12/2019,Boston Bruins,Tampa Bay Lightning
12/12/2019,Carolina Hurricanes,Vancouver Canucks
12/13/2019,New Jersey Devils,Colorado Avalanche
12/13/2019,Vegas Golden Knights,Dallas Stars
12/14/2019,New York Rangers,Anaheim Ducks
12/14/2019,New Jersey Devils,Arizona Coyotes
12/14/2019,Carolina Hurricanes,Calgary Flames
12/14/2019,Toronto Maple Leafs,Edmonton Oilers
12/14/2019,Boston Bruins,Florida Panthers
12/14/2019,Philadelphia Flyers,Minnesota Wild
12/14/2019,Detroit Red Wings,Montreal Canadiens
12/14/2019,Dallas Stars,Nashville Predators
12/14/2019,Buffalo Sabres,New York Islanders
12/14/2019,Columbus Blue Jackets,Ottawa Senators
12/14/2019,Los Angeles Kings,Pittsburgh Penguins
12/14/2019,Vancouver Canucks,San Jose Sharks
12/14/2019,Chicago Blackhawks,St. Louis Blues
12/14/2019,Washington Capitals,Tampa Bay Lightning
12/15/2019,Minnesota Wild,Chicago Blackhawks
12/15/2019,Los Angeles Kings,Detroit Red Wings
12/15/2019,Vancouver Canucks,Vegas Golden Knights
12/15/2019,Philadelphia Flyers,Winnipeg Jets
12/16/2019,Washington Capitals,Columbus Blue Jackets
12/16/2019,Edmonton Oilers,Dallas Stars
12/16/2019,Ottawa Senators,Florida Panthers
12/16/2019,Nashville Predators,New York Rangers
12/16/2019,Colorado Avalanche,St. Louis Blues
12/17/2019,Los Angeles Kings,Boston Bruins
12/17/2019,Pittsburgh Penguins,Calgary Flames
12/17/2019,Columbus Blue Jackets,Detroit Red Wings
12/17/2019,Nashville Predators,New York Islanders
12/17/2019,Anaheim Ducks,Philadelphia Flyers
12/17/2019,Arizona Coyotes,San Jose Sharks
12/17/2019,Ottawa Senators,Tampa Bay Lightning
12/17/2019,Buffalo Sabres,Toronto Maple Leafs
12/17/2019,Montreal Canadiens,Vancouver Canucks
12/17/2019,Minnesota Wild,Vegas Golden Knights
12/17/2019,Carolina Hurricanes,Winnipeg Jets
12/18/2019,Colorado Avalanche,Chicago Blackhawks
12/18/2019,Anaheim Ducks,New Jersey Devils
12/18/2019,Edmonton Oilers,St. Louis Blues
12/19/2019,Minnesota Wild,Arizona Coyotes
12/19/2019,New York Islanders,Boston Bruins
12/19/2019,Los Angeles Kings,Columbus Blue Jackets
12/19/2019,Montreal Canadiens,Calgary Flames
12/19/2019,Carolina Hurricanes,Colorado Avalanche
12/19/2019,Nashville Predators,Ottawa Senators
12/19/2019,Buffalo Sabres,Philadelphia Flyers
12/19/2019,Dallas Stars,Tampa Bay Lightning
12/19/2019,Vegas Golden Knights,Vancouver Canucks
12/19/2019,Chicago Blackhawks,Winnipeg Jets
12/20/2019,Pittsburgh Penguins,Edmonton Oilers
12/20/2019,Dallas Stars,Florida Panthers
12/20/2019,Washington Capitals,New Jersey Devils
12/20/2019,Toronto Maple Leafs,New York Rangers
12/21/2019,Nashville Predators,Boston Bruins
12/21/2019,Los Angeles Kings,Buffalo Sabres
12/21/2019,Florida Panthers,Carolina Hurricanes
12/21/2019,New Jersey Devils,Columbus Blue Jackets
12/21/2019,Chicago Blackhawks,Colorado Avalanche
12/21/2019,Montreal Canadiens,Edmonton Oilers
12/21/2019,Winnipeg Jets,Minnesota Wild
12/21/2019,Anaheim Ducks,New York Islanders
12/21/2019,Philadelphia Flyers,Ottawa Senators
12/21/2019,St. Louis Blues,San Jose Sharks
12/21/2019,Detroit Red Wings,Toronto Maple Leafs
12/21/2019,Pittsburgh Penguins,Vancouver Canucks
12/21/2019,Tampa Bay Lightning,Washington Capitals
12/22/2019,Calgary Flames,Dallas Stars
12/22/2019,Arizona Coyotes,Detroit Red Wings
12/22/2019,Anaheim Ducks,New York Rangers
12/22/2019,Vegas Golden Knights,San Jose Sharks
12/23/2019,Washington Capitals,Boston Bruins
12/23/2019,New Jersey Devils,Chicago Blackhawks
12/23/2019,St. Louis Blues,Los Angeles Kings
12/23/2019,Calgary Flames,Minnesota Wild
12/23/2019,Arizona Coyotes,Nashville Predators
12/23/2019,Columbus Blue Jackets,New York Islanders
12/23/2019,Buffalo Sabres,Ottawa Senators
12/23/2019,New York Rangers,Philadelphia Flyers
12/23/2019,Florida Panthers,Tampa Bay Lightning
12/23/2019,Carolina Hurricanes,Toronto Maple Leafs
12/23/2019,Edmonton Oilers,Vancouver Canucks
12/23/2019,Colorado Avalanche,Vegas Golden Knights
12/23/2019,Montreal Canadiens,Winnipeg Jets
12/27/2019,Vegas Golden Knights,Anaheim Ducks
12/27/2019,Boston Bruins,Buffalo Sabres
12/27/2019,New York Islanders,Chicago Blackhawks
12/27/2019,Minnesota Wild,Colorado Avalanche
12/27/2019,Calgary Flames,Edmonton Oilers
12/27/2019,Toronto Maple Leafs,New Jersey Devils
12/27/2019,Pittsburgh Penguins,Nashville Predators
12/27/2019,Carolina Hurricanes,New York Rangers
12/27/2019,Los Angeles Kings,San Jose Sharks
12/27/2019,St. Louis Blues,Winnipeg Jets
12/27/2019,Columbus Blue Jackets,Washington Capitals
12/28/2019,Washington Capitals,Carolina Hurricanes
12/28/2019,Colorado Avalanche,Dallas Stars
12/28/2019,Detroit Red Wings,Florida Panthers
12/28/2019,Nashville Predators,Pittsburgh Penguins
12/28/2019,Philadelphia Flyers,San Jose Sharks
12/28/2019,Montreal Canadiens,Tampa Bay Lightning
12/28/2019,New York Rangers,Toronto Maple Leafs
12/28/2019,Los Angeles Kings,Vancouver Canucks
12/28/2019,Arizona Coyotes,Vegas Golden Knights
12/29/2019,Philadelphia Flyers,Anaheim Ducks
12/29/2019,Dallas Stars,Arizona Coyotes
12/29/2019,Buffalo Sabres,Boston Bruins
12/29/2019,Chicago Blackhawks,Columbus Blue Jackets
12/29/2019,Vancouver Canucks,Calgary Flames
12/29/2019,Montreal Canadiens,Florida Panthers
12/29/2019,New York Islanders,Minnesota Wild
12/29/2019,New Jersey Devils,Ottawa Senators
12/29/2019,Winnipeg Jets,St. Louis Blues
12/29/2019,Detroit Red Wings,Tampa Bay Lightning
12/30/2019,Ottawa Senators,Pittsburgh Penguins
12/31/2019,St. Louis Blues,Arizona Coyotes
12/31/2019,Tampa Bay Lightning,Buffalo Sabres
12/31/2019,Montreal Canadiens,Carolina Hurricanes
12/31/2019,Florida Panthers,Columbus Blue Jackets
12/31/2019,Chicago Blackhawks,Calgary Flames
12/31/2019,Winnipeg Jets,Colorado Avalanche
12/31/2019,San Jose Sharks,Detroit Red Wings
12/31/2019,New York Rangers,Edmonton Oilers
12/31/2019,Philadelphia Flyers,Los Angeles Kings
12/31/2019,Toronto Maple Leafs,Minnesota Wild
12/31/2019,Boston Bruins,New Jersey Devils
12/31/2019,Anaheim Ducks,Vegas Golden Knights
12/31/2019,New York Islanders,Washington Capitals
1/1/2020,Nashville Predators,Dallas Stars
1/2/2020,Anaheim Ducks,Arizona Coyotes
1/2/2020,Columbus Blue Jackets,Boston Bruins
1/2/2020,Edmonton Oilers,Buffalo Sabres
1/2/2020,New York Rangers,Calgary Flames
1/2/2020,St. Louis Blues,Colorado Avalanche
1/2/2020,Tampa Bay Lightning,Montreal Canadiens
1/2/2020,New Jersey Devils,New York Islanders
1/2/2020,Florida Panthers,Ottawa Senators
1/2/2020,San Jose Sharks,Pittsburgh Penguins
1/2/2020,Chicago Blackhawks,Vancouver Canucks
1/2/2020,Philadelphia Flyers,Vegas Golden Knights
1/2/2020,Toronto Maple Leafs,Winnipeg Jets
1/3/2020,Washington Capitals,Carolina Hurricanes
1/3/2020,Detroit Red Wings,Dallas Stars
1/4/2020,Philadelphia Flyers,Arizona Coyotes
1/4/2020,Edmonton Oilers,Boston Bruins
1/4/2020,Florida Panthers,Buffalo Sabres
1/4/2020,San Jose Sharks,Columbus Blue Jackets
1/4/2020,Nashville Predators,Los Angeles Kings
1/4/2020,Winnipeg Jets,Minnesota Wild
1/4/2020,Pittsburgh Penguins,Montreal Canadiens
1/4/2020,Colorado Avalanche,New Jersey Devils
1/4/2020,Tampa Bay Lightning,Ottawa Senators
1/4/2020,New York Islanders,Toronto Maple Leafs
1/4/2020,New York Rangers,Vancouver Canucks
1/4/2020,St. Louis Blues,Vegas Golden Knights
1/5/2020,Nashville Predators,Anaheim Ducks
1/5/2020,Tampa Bay Lightning,Carolina Hurricanes
1/5/2020,Detroit Red Wings,Chicago Blackhawks
1/5/2020,Calgary Flames,Minnesota Wild
1/5/2020,Florida Panthers,Pittsburgh Penguins
1/5/2020,San Jose Sharks,Washington Capitals
1/6/2020,Columbus Blue Jackets,Los Angeles Kings
1/6/2020,Winnipeg Jets,Montreal Canadiens
1/6/2020,Colorado Avalanche,New York Islanders
1/6/2020,Edmonton Oilers,Toronto Maple Leafs
1/7/2020,Columbus Blue Jackets,Anaheim Ducks
1/7/2020,Philadelphia Flyers,Carolina Hurricanes
1/7/2020,Calgary Flames,Chicago Blackhawks
1/7/2020,Montreal Canadiens,Detroit Red Wings
1/7/2020,Arizona Coyotes,Florida Panthers
1/7/2020,New York Islanders,New Jersey Devils
1/7/2020,Boston Bruins,Nashville Predators
1/7/2020,Colorado Avalanche,New York Rangers
1/7/2020,San Jose Sharks,St. Louis Blues
1/7/2020,Vancouver Canucks,Tampa Bay Lightning
1/7/2020,Pittsburgh Penguins,Vegas Golden Knights
1/7/2020,Ottawa Senators,Washington Capitals
1/8/2020,Dallas Stars,Los Angeles Kings
1/8/2020,Washington Capitals,Philadelphia Flyers
1/8/2020,Winnipeg Jets,Toronto Maple Leafs
1/9/2020,Dallas Stars,Anaheim Ducks
1/9/2020,Winnipeg Jets,Boston Bruins
1/9/2020,Minnesota Wild,Calgary Flames
1/9/2020,Nashville Predators,Chicago Blackhawks
1/9/2020,Vancouver Canucks,Florida Panthers
1/9/2020,Edmonton Oilers,Montreal Canadiens
1/9/2020,New Jersey Devils,New York Rangers
1/9/2020,Columbus Blue Jackets,San Jose Sharks
1/9/2020,Buffalo Sabres,St. Louis Blues
1/9/2020,Arizona Coyotes,Tampa Bay Lightning
1/9/2020,Los Angeles Kings,Vegas Golden Knights
1/10/2020,Arizona Coyotes,Carolina Hurricanes
1/10/2020,Pittsburgh Penguins,Colorado Avalanche
1/10/2020,Ottawa Senators,Detroit Red Wings
1/11/2020,Vancouver Canucks,Buffalo Sabres
1/11/2020,Los Angeles Kings,Carolina Hurricanes
1/11/2020,Edmonton Oilers,Calgary Flames
1/11/2020,Anaheim Ducks,Chicago Blackhawks
1/11/2020,Boston Bruins,New York Islanders
1/11/2020,Montreal Canadiens,Ottawa Senators
1/11/2020,Tampa Bay Lightning,Philadelphia Flyers
1/11/2020,Dallas Stars,San Jose Sharks
1/11/2020,New York Rangers,St. Louis Blues
1/11/2020,Columbus Blue Jackets,Vegas Golden Knights
1/11/2020,New Jersey Devils,Washington Capitals
1/12/2020,Pittsburgh Penguins,Arizona Coyotes
1/12/2020,Buffalo Sabres,Detroit Red Wings
1/12/2020,Toronto Maple Leafs,Florida Panthers
1/12/2020,Vancouver Canucks,Minnesota Wild
1/12/2020,Tampa Bay Lightning,New Jersey Devils
1/12/2020,Nashville Predators,Winnipeg Jets
1/13/2020,Calgary Flames,Montreal Canadiens
1/13/2020,New York Islanders,New York Rangers
1/13/2020,Boston Bruins,Philadelphia Flyers
1/13/2020,Anaheim Ducks,St. Louis Blues
1/13/2020,Carolina Hurricanes,Washington Capitals
1/14/2020,San Jose Sharks,Arizona Coyotes
1/14/2020,Vegas Golden Knights,Buffalo Sabres
1/14/2020,Boston Bruins,Columbus Blue Jackets
1/14/2020,Dallas Stars,Colorado Avalanche
1/14/2020,Nashville Predators,Edmonton Oilers
1/14/2020,Detroit Red Wings,New York Islanders
1/14/2020,Chicago Blackhawks,Ottawa Senators
1/14/2020,Minnesota Wild,Pittsburgh Penguins
1/14/2020,Los Angeles Kings,Tampa Bay Lightning
1/14/2020,New Jersey Devils,Toronto Maple Leafs
1/14/2020,Vancouver Canucks,Winnipeg Jets
1/15/2020,Chicago Blackhawks,Montreal Canadiens
1/15/2020,Philadelphia Flyers,St. Louis Blues
1/16/2020,Pittsburgh Penguins,Boston Bruins
1/16/2020,Carolina Hurricanes,Columbus Blue Jackets
1/16/2020,San Jose Sharks,Colorado Avalanche
1/16/2020,Buffalo Sabres,Dallas Stars
1/16/2020,Los Angeles Kings,Florida Panthers
1/16/2020,Tampa Bay Lightning,Minnesota Wild
1/16/2020,Anaheim Ducks,Nashville Predators
1/16/2020,New York Rangers,New York Islanders
1/16/2020,Vegas Golden Knights,Ottawa Senators
1/16/2020,Montreal Canadiens,Philadelphia Flyers
1/16/2020,Calgary Flames,Toronto Maple Leafs
1/16/2020,Arizona Coyotes,Vancouver Canucks
1/16/2020,New Jersey Devils,Washington Capitals
1/17/2020,Anaheim Ducks,Carolina Hurricanes
1/17/2020,Pittsburgh Penguins,Detroit Red Wings
1/17/2020,Tampa Bay Lightning,Winnipeg Jets
1/18/2020,New Jersey Devils,Columbus Blue Jackets
1/18/2020,St. Louis Blues,Colorado Avalanche
1/18/2020,Florida Panthers,Detroit Red Wings
1/18/2020,Arizona Coyotes,Edmonton Oilers
1/18/2020,Dallas Stars,Minnesota Wild
1/18/2020,Vegas Golden Knights,Montreal Canadiens
1/18/2020,Buffalo Sabres,Nashville Predators
1/18/2020,Washington Capitals,New York Islanders
1/18/2020,Calgary Flames,Ottawa Senators
1/18/2020,Los Angeles Kings,Philadelphia Flyers
1/18/2020,Chicago Blackhawks,Toronto Maple Leafs
1/18/2020,San Jose Sharks,Vancouver Canucks
1/19/2020,New York Islanders,Carolina Hurricanes
1/19/2020,Winnipeg Jets,Chicago Blackhawks
1/19/2020,Columbus Blue Jackets,New York Rangers
1/19/2020,Boston Bruins,Pittsburgh Penguins
1/20/2020,Detroit Red Wings,Colorado Avalanche
1/20/2020,Florida Panthers,Minnesota Wild
1/21/2020,Vegas Golden Knights,Boston Bruins
1/21/2020,Winnipeg Jets,Carolina Hurricanes
1/21/2020,Florida Panthers,Chicago Blackhawks
1/21/2020,New York Islanders,New York Rangers
1/21/2020,Pittsburgh Penguins,Philadelphia Flyers
1/22/2020,Winnipeg Jets,Columbus Blue Jackets
1/22/2020,Detroit Red Wings,Minnesota Wild
1/27/2020,Tampa Bay Lightning,Dallas Stars
1/27/2020,Washington Capitals,Montreal Canadiens
1/27/2020,Toronto Maple Leafs,Nashville Predators
1/27/2020,New Jersey Devils,Ottawa Senators
1/27/2020,Anaheim Ducks,San Jose Sharks
1/27/2020,St. Louis Blues,Vancouver Canucks
1/28/2020,Ottawa Senators,Buffalo Sabres
1/28/2020,St. Louis Blues,Calgary Flames
1/29/2020,Arizona Coyotes,Anaheim Ducks
1/29/2020,Toronto Maple Leafs,Dallas Stars
1/29/2020,Calgary Flames,Edmonton Oilers
1/29/2020,Tampa Bay Lightning,Los Angeles Kings
1/29/2020,Vancouver Canucks,San Jose Sharks
1/29/2020,Nashville Predators,Washington Capitals
1/30/2020,Los Angeles Kings,Arizona Coyotes
1/30/2020,Montreal Canadiens,Buffalo Sabres
1/30/2020,Nashville Predators,New Jersey Devils
1/31/2020,Tampa Bay Lightning,Anaheim Ducks
1/31/2020,Vegas Golden Knights,Carolina Hurricanes
1/31/2020,St. Louis Blues,Edmonton Oilers
1/31/2020,Detroit Red Wings,New York Rangers
1/31/2020,Washington Capitals,Ottawa Senators
1/31/2020,Philadelphia Flyers,Pittsburgh Penguins
1/31/2020,Boston Bruins,Winnipeg Jets
2/1/2020,Chicago Blackhawks,Arizona Coyotes
2/1/2020,Columbus Blue Jackets,Buffalo Sabres
2/1/2020,Edmonton Oilers,Calgary Flames
2/1/2020,New York Rangers,Detroit Red Wings
2/1/2020,Anaheim Ducks,Los Angeles Kings
2/1/2020,Boston Bruins,Minnesota Wild
2/1/2020,Florida Panthers,Montreal Canadiens
2/1/2020,Dallas Stars,New Jersey Devils
2/1/2020,Vegas Golden Knights,Nashville Predators
2/1/2020,Vancouver Canucks,New York Islanders
2/1/2020,Colorado Avalanche,Philadelphia Flyers
2/1/2020,Tampa Bay Lightning,San Jose Sharks
2/1/2020,Ottawa Senators,Toronto Maple Leafs
2/1/2020,St. Louis Blues,Winnipeg Jets
2/2/2020,Vancouver Canucks,Carolina Hurricanes
2/2/2020,Columbus Blue Jackets,Montreal Canadiens
2/2/2020,Pittsburgh Penguins,Washington Capitals
2/3/2020,Philadelphia Flyers,Detroit Red Wings
2/3/2020,Dallas Stars,New York Rangers
2/3/2020,Florida Panthers,Toronto Maple Leafs
2/4/2020,Edmonton Oilers,Arizona Coyotes
2/4/2020,Vancouver Canucks,Boston Bruins
2/4/2020,Colorado Avalanche,Buffalo Sabres
2/4/2020,Florida Panthers,Columbus Blue Jackets
2/4/2020,San Jose Sharks,Calgary Flames
2/4/2020,Chicago Blackhawks,Minnesota Wild
2/4/2020,Montreal Canadiens,New Jersey Devils
2/4/2020,Dallas Stars,New York Islanders
2/4/2020,Anaheim Ducks,Ottawa Senators
2/4/2020,Carolina Hurricanes,St. Louis Blues
2/4/2020,Vegas Golden Knights,Tampa Bay Lightning
2/4/2020,Nashville Predators,Winnipeg Jets
2/4/2020,Los Angeles Kings,Washington Capitals
2/5/2020,Boston Bruins,Chicago Blackhawks
2/5/2020,Toronto Maple Leafs,New York Rangers
2/6/2020,Carolina Hurricanes,Arizona Coyotes
2/6/2020,Detroit Red Wings,Buffalo Sabres
2/6/2020,Nashville Predators,Calgary Flames
2/6/2020,San Jose Sharks,Edmonton Oilers
2/6/2020,Vegas Golden Knights,Florida Panthers
2/6/2020,Vancouver Canucks,Minnesota Wild
2/6/2020,Anaheim Ducks,Montreal Canadiens
2/6/2020,Los Angeles Kings,New York Islanders
2/6/2020,Colorado Avalanche,Ottawa Senators
2/6/2020,New Jersey Devils,Philadelphia Flyers
2/6/2020,Winnipeg Jets,St. Louis Blues
2/6/2020,Pittsburgh Penguins,Tampa Bay Lightning
2/7/2020,Detroit Red Wings,Columbus Blue Jackets
2/7/2020,Minnesota Wild,Dallas Stars
2/7/2020,Buffalo Sabres,New York Rangers
2/7/2020,Anaheim Ducks,Toronto Maple Leafs
2/8/2020,Arizona Coyotes,Boston Bruins
2/8/2020,Colorado Avalanche,Columbus Blue Jackets
2/8/2020,Nashville Predators,Edmonton Oilers
2/8/2020,Pittsburgh Penguins,Florida Panthers
2/8/2020,Toronto Maple Leafs,Montreal Canadiens
2/8/2020,Los Angeles Kings,New Jersey Devils
2/8/2020,Dallas Stars,St. Louis Blues
2/8/2020,New York Islanders,Tampa Bay Lightning
2/8/2020,Calgary Flames,Vancouver Canucks
2/8/2020,Carolina Hurricanes,Vegas Golden Knights
2/8/2020,Ottawa Senators,Winnipeg Jets
2/8/2020,Philadelphia Flyers,Washington Capitals
2/9/2020,Anaheim Ducks,Buffalo Sabres
2/9/2020,Boston Bruins,Detroit Red Wings
2/9/2020,Colorado Avalanche,Minnesota Wild
2/9/2020,Los Angeles Kings,New York Rangers
2/9/2020,Chicago Blackhawks,Winnipeg Jets
2/10/2020,Tampa Bay Lightning,Columbus Blue Jackets
2/10/2020,Arizona Coyotes,Montreal Canadiens
2/10/2020,Florida Panthers,Philadelphia Flyers
2/10/2020,Calgary Flames,San Jose Sharks
2/10/2020,Nashville Predators,Vancouver Canucks
2/10/2020,New York Islanders,Washington Capitals
2/11/2020,St. Louis Blues,Anaheim Ducks
2/11/2020,Detroit Red Wings,Buffalo Sabres
2/11/2020,Ottawa Senators,Colorado Avalanche
2/11/2020,Carolina Hurricanes,Dallas Stars
2/11/2020,Chicago Blackhawks,Edmonton Oilers
2/11/2020,Vegas Golden Knights,Minnesota Wild
2/11/2020,Florida Panthers,New Jersey Devils
2/11/2020,Philadelphia Flyers,New York Islanders
2/11/2020,Tampa Bay Lightning,Pittsburgh Penguins
2/11/2020,Arizona Coyotes,Toronto Maple Leafs
2/11/2020,New York Rangers,Winnipeg Jets
2/12/2020,Montreal Canadiens,Boston Bruins
2/12/2020,Calgary Flames,Los Angeles Kings
2/12/2020,Chicago Blackhawks,Vancouver Canucks
2/13/2020,Calgary Flames,Anaheim Ducks
2/13/2020,Columbus Blue Jackets,Buffalo Sabres
2/13/2020,Washington Capitals,Colorado Avalanche
2/13/2020,Philadelphia Flyers,Florida Panthers
2/13/2020,New York Rangers,Minnesota Wild
2/13/2020,Detroit Red Wings,New Jersey Devils
2/13/2020,New York Islanders,Nashville Predators
2/13/2020,Arizona Coyotes,Ottawa Senators
2/13/2020,Edmonton Oilers,Tampa Bay Lightning
2/13/2020,Dallas Stars,Toronto Maple Leafs
2/13/2020,St. Louis Blues,Vegas Golden Knights
2/14/2020,New Jersey Devils,Carolina Hurricanes
2/14/2020,New York Rangers,Columbus Blue Jackets
2/14/2020,Montreal Canadiens,Pittsburgh Penguins
2/14/2020,San Jose Sharks,Winnipeg Jets
2/15/2020,Washington Capitals,Arizona Coyotes
2/15/2020,Detroit Red Wings,Boston Bruins
2/15/2020,Chicago Blackhawks,Calgary Flames
2/15/2020,Los Angeles Kings,Colorado Avalanche
2/15/2020,Edmonton Oilers,Florida Panthers
2/15/2020,San Jose Sharks,Minnesota Wild
2/15/2020,Dallas Stars,Montreal Canadiens
2/15/2020,Toronto Maple Leafs,Ottawa Senators
2/15/2020,Nashville Predators,St. Louis Blues
2/15/2020,Philadelphia Flyers,Tampa Bay Lightning
2/15/2020,New York Islanders,Vegas Golden Knights
2/16/2020,Toronto Maple Leafs,Buffalo Sabres
2/16/2020,Edmonton Oilers,Carolina Hurricanes
2/16/2020,Columbus Blue Jackets,New Jersey Devils
2/16/2020,St. Louis Blues,Nashville Predators
2/16/2020,Boston Bruins,New York Rangers
2/16/2020,Dallas Stars,Ottawa Senators
2/16/2020,Detroit Red Wings,Pittsburgh Penguins
2/16/2020,Anaheim Ducks,Vancouver Canucks
2/16/2020,Chicago Blackhawks,Winnipeg Jets
2/17/2020,New York Islanders,Arizona Coyotes
2/17/2020,Anaheim Ducks,Calgary Flames
2/17/2020,Tampa Bay Lightning,Colorado Avalanche
2/17/2020,Florida Panthers,San Jose Sharks
2/17/2020,Washington Capitals,Vegas Golden Knights
2/18/2020,Montreal Canadiens,Detroit Red Wings
2/18/2020,Carolina Hurricanes,Nashville Predators
2/18/2020,Buffalo Sabres,Ottawa Senators
2/18/2020,Columbus Blue Jackets,Philadelphia Flyers
2/18/2020,Toronto Maple Leafs,Pittsburgh Penguins
2/18/2020,New Jersey Devils,St. Louis Blues
2/18/2020,Los Angeles Kings,Winnipeg Jets
2/19/2020,Florida Panthers,Anaheim Ducks
2/19/2020,New York Rangers,Chicago Blackhawks
2/19/2020,New York Islanders,Colorado Avalanche
2/19/2020,Arizona Coyotes,Dallas Stars
2/19/2020,Boston Bruins,Edmonton Oilers
2/19/2020,Minnesota Wild,Vancouver Canucks
2/20/2020,Philadelphia Flyers,Columbus Blue Jackets
2/20/2020,Florida Panthers,Los Angeles Kings
2/20/2020,San Jose Sharks,New Jersey Devils
2/20/2020,Winnipeg Jets,Ottawa Senators
2/20/2020,Arizona Coyotes,St. Louis Blues
2/20/2020,Pittsburgh Penguins,Toronto Maple Leafs
2/20/2020,Tampa Bay Lightning,Vegas Golden Knights
2/20/2020,Montreal Canadiens,Washington Capitals
2/21/2020,Colorado Avalanche,Anaheim Ducks
2/21/2020,New York Rangers,Carolina Hurricanes
2/21/2020,Boston Bruins,Calgary Flames
2/21/2020,Nashville Predators,Chicago Blackhawks
2/21/2020,St. Louis Blues,Dallas Stars
2/21/2020,Minnesota Wild,Edmonton Oilers
2/21/2020,Detroit Red Wings,New York Islanders
2/22/2020,Tampa Bay Lightning,Arizona Coyotes
2/22/2020,Colorado Avalanche,Los Angeles Kings
2/22/2020,Washington Capitals,New Jersey Devils
2/22/2020,Columbus Blue Jackets,Nashville Predators
2/22/2020,San Jose Sharks,New York Rangers
2/22/2020,Montreal Canadiens,Ottawa Senators
2/22/2020,Winnipeg Jets,Philadelphia Flyers
2/22/2020,Buffalo Sabres,Pittsburgh Penguins
2/22/2020,Carolina Hurricanes,Toronto Maple Leafs
2/22/2020,Boston Bruins,Vancouver Canucks
2/22/2020,Florida Panthers,Vegas Golden Knights
2/23/2020,Vegas Golden Knights,Anaheim Ducks
2/23/2020,Winnipeg Jets,Buffalo Sabres
2/23/2020,Chicago Blackhawks,Dallas Stars
2/23/2020,Calgary Flames,Detroit Red Wings
2/23/2020,Edmonton Oilers,Los Angeles Kings
2/23/2020,St. Louis Blues,Minnesota Wild
2/23/2020,San Jose Sharks,New York Islanders
2/23/2020,Pittsburgh Penguins,Washington Capitals
2/24/2020,Ottawa Senators,Columbus Blue Jackets
2/25/2020,Edmonton Oilers,Anaheim Ducks
2/25/2020,Florida Panthers,Arizona Coyotes
2/25/2020,Calgary Flames,Boston Bruins
2/25/2020,Dallas Stars,Carolina Hurricanes
2/25/2020,New Jersey Devils,Detroit Red Wings
2/25/2020,Columbus Blue Jackets,Minnesota Wild
2/25/2020,Vancouver Canucks,Montreal Canadiens
2/25/2020,Ottawa Senators,Nashville Predators
2/25/2020,New York Rangers,New York Islanders
2/25/2020,San Jose Sharks,Philadelphia Flyers
2/25/2020,Chicago Blackhawks,St. Louis Blues
2/25/2020,Toronto Maple Leafs,Tampa Bay Lightning
2/25/2020,Winnipeg Jets,Washington Capitals
2/26/2020,Buffalo Sabres,Colorado Avalanche
2/26/2020,Pittsburgh Penguins,Los Angeles Kings
2/26/2020,Edmonton Oilers,Vegas Golden Knights
2/27/2020,Dallas Stars,Boston Bruins
2/27/2020,Minnesota Wild,Detroit Red Wings
2/27/2020,Toronto Maple Leafs,Florida Panthers
2/27/2020,New York Rangers,Montreal Canadiens
2/27/2020,Calgary Flames,Nashville Predators
2/27/2020,Vancouver Canucks,Ottawa Senators
2/27/2020,New Jersey Devils,San Jose Sharks
2/27/2020,New York Islanders,St. Louis Blues
2/27/2020,Chicago Blackhawks,Tampa Bay Lightning
2/27/2020,Washington Capitals,Winnipeg Jets
2/28/2020,Pittsburgh Penguins,Anaheim Ducks
2/28/2020,Colorado Avalanche,Carolina Hurricanes
2/28/2020,Minnesota Wild,Columbus Blue Jackets
2/28/2020,New York Rangers,Philadelphia Flyers
2/28/2020,Buffalo Sabres,Vegas Golden Knights
2/29/2020,Buffalo Sabres,Arizona Coyotes
2/29/2020,Winnipeg Jets,Edmonton Oilers
2/29/2020,Chicago Blackhawks,Florida Panthers
2/29/2020,New Jersey Devils,Los Angeles Kings
2/29/2020,Carolina Hurricanes,Montreal Canadiens
2/29/2020,Colorado Avalanche,Nashville Predators
2/29/2020,Boston Bruins,New York Islanders
2/29/2020,Detroit Red Wings,Ottawa Senators
2/29/2020,Pittsburgh Penguins,San Jose Sharks
2/29/2020,Dallas Stars,St. Louis Blues
2/29/2020,Calgary Flames,Tampa Bay Lightning
2/29/2020,Vancouver Canucks,Toronto Maple Leafs
3/1/2020,New Jersey Devils,Anaheim Ducks
3/1/2020,Vancouver Canucks,Columbus Blue Jackets
3/1/2020,Calgary Flames,Florida Panthers
3/1/2020,Washington Capitals,Minnesota Wild
3/1/2020,Philadelphia Flyers,New York Rangers
3/1/2020,Los Angeles Kings,Vegas Golden Knights
3/2/2020,Colorado Avalanche,Detroit Red Wings
3/2/2020,Edmonton Oilers,Nashville Predators
3/3/2020,Anaheim Ducks,Chicago Blackhawks
3/3/2020,Edmonton Oilers,Dallas Stars
3/3/2020,Nashville Predators,Minnesota Wild
3/3/2020,Montreal Canadiens,New York Islanders
3/3/2020,St. Louis Blues,New York Rangers
3/3/2020,Ottawa Senators,Pittsburgh Penguins
3/3/2020,Toronto Maple Leafs,San Jose Sharks
3/3/2020,Boston Bruins,Tampa Bay Lightning
3/3/2020,New Jersey Devils,Vegas Golden Knights
3/3/2020,Buffalo Sabres,Winnipeg Jets
3/4/2020,Columbus Blue Jackets,Calgary Flames
3/4/2020,Anaheim Ducks,Colorado Avalanche
3/4/2020,Arizona Coyotes,Vancouver Canucks
3/4/2020,Philadelphia Flyers,Washington Capitals
3/5/2020,Pittsburgh Penguins,Buffalo Sabres
3/5/2020,Edmonton Oilers,Chicago Blackhawks
3/5/2020,Boston Bruins,Florida Panthers
3/5/2020,Toronto Maple Leafs,Los Angeles Kings
3/5/2020,Dallas Stars,Nashville Predators
3/5/2020,Washington Capitals,New York Rangers
3/5/2020,New York Islanders,Ottawa Senators
3/5/2020,Carolina Hurricanes,Philadelphia Flyers
3/5/2020,Minnesota Wild,San Jose Sharks
3/5/2020,Montreal Canadiens,Tampa Bay Lightning
3/6/2020,Toronto Maple Leafs,Anaheim Ducks
3/6/2020,Arizona Coyotes,Calgary Flames
3/6/2020,Chicago Blackhawks,Detroit Red Wings
3/6/2020,St. Louis Blues,New Jersey Devils
3/6/2020,Colorado Avalanche,Vancouver Canucks
3/6/2020,Vegas Golden Knights,Winnipeg Jets
3/7/2020,Tampa Bay Lightning,Boston Bruins
3/7/2020,Nashville Predators,Dallas Stars
3/7/2020,Columbus Blue Jackets,Edmonton Oilers
3/7/2020,Montreal Canadiens,Florida Panthers
3/7/2020,Minnesota Wild,Los Angeles Kings
3/7/2020,Carolina Hurricanes,New York Islanders
3/7/2020,New Jersey Devils,New York Rangers
3/7/2020,Buffalo Sabres,Philadelphia Flyers
3/7/2020,Washington Capitals,Pittsburgh Penguins
3/7/2020,Ottawa Senators,San Jose Sharks
3/8/2020,Minnesota Wild,Anaheim Ducks
3/8/2020,Vegas Golden Knights,Calgary Flames
3/8/2020,St. Louis Blues,Chicago Blackhawks
3/8/2020,Tampa Bay Lightning,Detroit Red Wings
3/8/2020,Carolina Hurricanes,Pittsburgh Penguins
3/8/2020,Colorado Avalanche,San Jose Sharks
3/8/2020,Columbus Blue Jackets,Vancouver Canucks
3/9/2020,Washington Capitals,Buffalo Sabres
3/9/2020,Vegas Golden Knights,Edmonton Oilers
3/9/2020,Colorado Avalanche,Los Angeles Kings
3/9/2020,Arizona Coyotes,Winnipeg Jets
3/10/2020,Ottawa Senators,Anaheim Ducks
3/10/2020,New York Rangers,Dallas Stars
3/10/2020,Carolina Hurricanes,Detroit Red Wings
3/10/2020,Nashville Predators,Montreal Canadiens
3/10/2020,Pittsburgh Penguins,New Jersey Devils
3/10/2020,Boston Bruins,Philadelphia Flyers
3/10/2020,Florida Panthers,St. Louis Blues
3/10/2020,Tampa Bay Lightning,Toronto Maple Leafs
3/10/2020,New York Islanders,Vancouver Canucks
3/11/2020,San Jose Sharks,Chicago Blackhawks
3/11/2020,New York Rangers,Colorado Avalanche
3/11/2020,Winnipeg Jets,Edmonton Oilers
3/11/2020,Ottawa Senators,Los Angeles Kings
3/12/2020,Vancouver Canucks,Arizona Coyotes
3/12/2020,Pittsburgh Penguins,Columbus Blue Jackets
3/12/2020,New York Islanders,Calgary Flames
3/12/2020,Florida Panthers,Dallas Stars
3/12/2020,Vegas Golden Knights,Minnesota Wild
3/12/2020,Buffalo Sabres,Montreal Canadiens
3/12/2020,Carolina Hurricanes,New Jersey Devils
3/12/2020,Philadelphia Flyers,Tampa Bay Lightning
3/12/2020,Nashville Predators,Toronto Maple Leafs
3/12/2020,Detroit Red Wings,Washington Capitals
3/13/2020,Boston Bruins,Buffalo Sabres
3/13/2020,Ottawa Senators,Chicago Blackhawks
3/13/2020,Vancouver Canucks,Colorado Avalanche
3/13/2020,New York Islanders,Edmonton Oilers
3/13/2020,San Jose Sharks,St. Louis Blues
3/14/2020,New York Rangers,Arizona Coyotes
3/14/2020,Toronto Maple Leafs,Boston Bruins
3/14/2020,Pittsburgh Penguins,Carolina Hurricanes
3/14/2020,Nashville Predators,Columbus Blue Jackets
3/14/2020,Winnipeg Jets,Calgary Flames
3/14/2020,San Jose Sharks,Dallas Stars
3/14/2020,New Jersey Devils,Florida Panthers
3/14/2020,Anaheim Ducks,Los Angeles Kings
3/14/2020,Minnesota Wild,Philadelphia Flyers
3/14/2020,Detroit Red Wings,Tampa Bay Lightning
3/14/2020,Chicago Blackhawks,Washington Capitals
3/15/2020,Montreal Canadiens,Anaheim Ducks
3/15/2020,Carolina Hurricanes,Buffalo Sabres
3/15/2020,Vegas Golden Knights,Colorado Avalanche
3/15/2020,Nashville Predators,Minnesota Wild
3/15/2020,Edmonton Oilers,Philadelphia Flyers
3/15/2020,New York Islanders,Pittsburgh Penguins
3/15/2020,Ottawa Senators,St. Louis Blues
3/15/2020,New Jersey Devils,Tampa Bay Lightning
3/15/2020,Winnipeg Jets,Vancouver Canucks
3/16/2020,Dallas Stars,Arizona Coyotes
3/16/2020,Columbus Blue Jackets,Boston Bruins
3/16/2020,Florida Panthers,Detroit Red Wings
3/16/2020,Calgary Flames,New York Rangers
3/16/2020,Edmonton Oilers,Washington Capitals
3/17/2020,Buffalo Sabres,Carolina Hurricanes
3/17/2020,San Jose Sharks,Colorado Avalanche
3/17/2020,Montreal Canadiens,Los Angeles Kings
3/17/2020,Chicago Blackhawks,Minnesota Wild
3/17/2020,Calgary Flames,New York Islanders
3/17/2020,St. Louis Blues,Philadelphia Flyers
3/17/2020,New Jersey Devils,Toronto Maple Leafs
3/17/2020,Dallas Stars,Vegas Golden Knights
3/17/2020,Florida Panthers,Winnipeg Jets
3/18/2020,Boston Bruins,Anaheim Ducks
3/18/2020,Vegas Golden Knights,Arizona Coyotes
3/18/2020,Pittsburgh Penguins,New York Rangers
3/18/2020,Edmonton Oilers,Ottawa Senators
3/18/2020,Tampa Bay Lightning,Vancouver Canucks
3/19/2020,St. Louis Blues,Carolina Hurricanes
3/19/2020,Washington Capitals,Columbus Blue Jackets
3/19/2020,Minnesota Wild,Chicago Blackhawks
3/19/2020,Buffalo Sabres,Florida Panthers
3/19/2020,Boston Bruins,Los Angeles Kings
3/19/2020,Calgary Flames,New Jersey Devils
3/19/2020,Colorado Avalanche,Nashville Predators
3/19/2020,Montreal Canadiens,San Jose Sharks
3/19/2020,New York Islanders,Toronto Maple Leafs
3/20/2020,Vancouver Canucks,Anaheim Ducks
3/20/2020,Detroit Red Wings,Arizona Coyotes
3/20/2020,Philadelphia Flyers,Dallas Stars
3/20/2020,Tampa Bay Lightning,Edmonton Oilers
3/20/2020,New York Rangers,Pittsburgh Penguins
3/20/2020,Minnesota Wild,Winnipeg Jets
3/20/2020,Ottawa Senators,Washington Capitals
3/21/2020,Chicago Blackhawks,Buffalo Sabres
3/21/2020,Ottawa Senators,Carolina Hurricanes
3/21/2020,Tampa Bay Lightning,Calgary Flames
3/21/2020,Montreal Canadiens,Colorado Avalanche
3/21/2020,St. Louis Blues,Florida Panthers
3/21/2020,Vancouver Canucks,Los Angeles Kings
3/21/2020,New York Islanders,New Jersey Devils
3/21/2020,Philadelphia Flyers,Nashville Predators
3/21/2020,Boston Bruins,San Jose Sharks
3/21/2020,Columbus Blue Jackets,Toronto Maple Leafs
3/21/2020,Detroit Red Wings,Vegas Golden Knights
3/22/2020,New York Rangers,Buffalo Sabres
3/22/2020,Nashville Predators,Chicago Blackhawks
3/22/2020,Winnipeg Jets,Dallas Stars
3/22/2020,Arizona Coyotes,Los Angeles Kings
3/22/2020,Carolina Hurricanes,New York Islanders
3/22/2020,Washington Capitals,Pittsburgh Penguins
3/23/2020,San Jose Sharks,Calgary Flames
3/23/2020,Anaheim Ducks,Edmonton Oilers
3/23/2020,Colorado Avalanche,Minnesota Wild
3/23/2020,Columbus Blue Jackets,New Jersey Devils
3/23/2020,Florida Panthers,Toronto Maple Leafs
3/23/2020,Vancouver Canucks,Vegas Golden Knights
3/24/2020,Detroit Red Wings,Boston Bruins
3/24/2020,Los Angeles Kings,Dallas Stars
3/24/2020,Buffalo Sabres,Montreal Canadiens
3/24/2020,Winnipeg Jets,Nashville Predators
3/24/2020,Columbus Blue Jackets,New York Rangers
3/24/2020,Florida Panthers,Ottawa Senators
3/24/2020,New York Islanders,Philadelphia Flyers
3/24/2020,Carolina Hurricanes,Pittsburgh Penguins
3/24/2020,St. Louis Blues,Washington Capitals
3/25/2020,Anaheim Ducks,Calgary Flames
3/25/2020,Pittsburgh Penguins,Chicago Blackhawks
3/25/2020,Colorado Avalanche,Edmonton Oilers
3/25/2020,Toronto Maple Leafs,Tampa Bay Lightning
3/25/2020,San Jose Sharks,Vancouver Canucks
3/25/2020,Arizona Coyotes,Vegas Golden Knights
3/26/2020,Ottawa Senators,Boston Bruins
3/26/2020,Toronto Maple Leafs,Carolina Hurricanes
3/26/2020,Philadelphia Flyers,Detroit Red Wings
3/26/2020,New Jersey Devils,Minnesota Wild
3/26/2020,Florida Panthers,Montreal Canadiens
3/26/2020,Los Angeles Kings,Nashville Predators
3/26/2020,Buffalo Sabres,New York Islanders
3/26/2020,New York Rangers,Washington Capitals
3/27/2020,Dallas Stars,Chicago Blackhawks
3/27/2020,San Jose Sharks,Edmonton Oilers
3/27/2020,Los Angeles Kings,St. Louis Blues
3/27/2020,Columbus Blue Jackets,Tampa Bay Lightning
3/27/2020,Calgary Flames,Vancouver Canucks
3/27/2020,Colorado Avalanche,Winnipeg Jets
3/28/2020,Nashville Predators,Arizona Coyotes
3/28/2020,Florida Panthers,Boston Bruins
3/28/2020,Pittsburgh Penguins,Carolina Hurricanes
3/28/2020,Columbus Blue Jackets,Dallas Stars
3/28/2020,Washington Capitals,Detroit Red Wings
3/28/2020,Buffalo Sabres,Minnesota Wild
3/28/2020,New York Islanders,Montreal Canadiens
3/28/2020,Philadelphia Flyers,New Jersey Devils
3/28/2020,Toronto Maple Leafs,Ottawa Senators
3/28/2020,New York Rangers,Tampa Bay Lightning
3/28/2020,Anaheim Ducks,Vancouver Canucks
3/29/2020,Los Angeles Kings,Chicago Blackhawks
3/29/2020,Nashville Predators,Colorado Avalanche
3/29/2020,Anaheim Ducks,Edmonton Oilers
3/29/2020,Carolina Hurricanes,New Jersey Devils
3/29/2020,Pittsburgh Penguins,Philadelphia Flyers
3/29/2020,Arizona Coyotes,San Jose Sharks
3/29/2020,Minnesota Wild,St. Louis Blues
3/29/2020,Vegas Golden Knights,Winnipeg Jets
3/30/2020,Washington Capitals,Buffalo Sabres
3/30/2020,New York Islanders,Columbus Blue Jackets
3/30/2020,Vancouver Canucks,Dallas Stars
3/30/2020,New York Rangers,Florida Panthers
3/31/2020,Boston Bruins,Carolina Hurricanes
3/31/2020,Winnipeg Jets,Calgary Flames
3/31/2020,Montreal Canadiens,Chicago Blackhawks
3/31/2020,Arizona Coyotes,Colorado Avalanche
3/31/2020,Vegas Golden Knights,Edmonton Oilers
3/31/2020,San Jose Sharks,Los Angeles Kings
3/31/2020,Minnesota Wild,New York Islanders
3/31/2020,New Jersey Devils,Pittsburgh Penguins
3/31/2020,Detroit Red Wings,St. Louis Blues
3/31/2020,Ottawa Senators,Tampa Bay Lightning
3/31/2020,Toronto Maple Leafs,Washington Capitals
4/1/2020,Dallas Stars,Anaheim Ducks
4/1/2020,Montreal Canadiens,Nashville Predators
4/1/2020,Philadelphia Flyers,New York Rangers
4/2/2020,Vancouver Canucks,Arizona Coyotes
4/2/2020,Tampa Bay Lightning,Columbus Blue Jackets
4/2/2020,Vegas Golden Knights,Calgary Flames
4/2/2020,Winnipeg Jets,Colorado Avalanche
4/2/2020,Ottawa Senators,Florida Panthers
4/2/2020,Buffalo Sabres,New Jersey Devils
4/2/2020,Chicago Blackhawks,New York Islanders
4/2/2020,Nashville Predators,Philadelphia Flyers
4/2/2020,New York Rangers,Pittsburgh Penguins
4/2/2020,Dallas Stars,San Jose Sharks
4/2/2020,Boston Bruins,St. Louis Blues
4/2/2020,Detroit Red Wings,Toronto Maple Leafs
4/2/2020,Minnesota Wild,Washington Capitals
4/3/2020,Los Angeles Kings,Anaheim Ducks
4/3/2020,Columbus Blue Jackets,Carolina Hurricanes
4/4/2020,Winnipeg Jets,Arizona Coyotes
4/4/2020,Carolina Hurricanes,Boston Bruins
4/4/2020,Philadelphia Flyers,Buffalo Sabres
4/4/2020,Edmonton Oilers,Calgary Flames
4/4/2020,St. Louis Blues,Colorado Avalanche
4/4/2020,Tampa Bay Lightning,Detroit Red Wings
4/4/2020,Washington Capitals,Florida Panthers
4/4/2020,Dallas Stars,Los Angeles Kings
4/4/2020,Minnesota Wild,Nashville Predators
4/4/2020,New Jersey Devils,New York Islanders
4/4/2020,Chicago Blackhawks,New York Rangers
4/4/2020,Pittsburgh Penguins,Ottawa Senators
4/4/2020,Anaheim Ducks,San Jose Sharks
4/4/2020,Montreal Canadiens,Toronto Maple Leafs
4/4/2020,Vegas Golden Knights,Vancouver Canucks
